<?xml version="1.0" encoding="UTF-8" standalone="yes"?>
<addon id="plugin.program.omegawizard" name="Omega Wizard" version="4.2" provider-name="MPCB">
  <requires>
    <import addon="xbmc.python" version="2.1.0"/>
  </requires>
  <extension point="xbmc.python.pluginsource" library="default.py">
    <provides>executable</provides>
  </extension>
  <extension point="xbmc.service" library="startup.py" start="startup" />
  <extension point="xbmc.addon.metadata">
    <summary lang="en">Omega Wizard</summary>
    <description lang="en">Omega Wizard allows you to get access to the latest Omega builds.</description>
    <platform>all</platform>
  </extension>
</addon>